Domain Code,Domain,Area Code (M49),Area,Element Code,Element,Item Code (CPC),Item,Year Code,Year,Unit,Value,Flag,Flag Description,Note
"QCL","Crops and livestock products","208","Denmark","5111","Stocks","02111","Cattle","2010","2010","An","1571050","A","Official figure",""
"QCL","Crops and livestock products","208","Denmark","5111","Stocks","02111","Cattle","2011","2011","An","1567971","A","Official figure",""
"QCL","Crops and livestock products","208","Denmark","5111","Stocks","02111","Cattle","2012","2012","An","1606826","A","Official figure",""
"QCL","Crops and livestock products","208","Denmark","5111","Stocks","02111","Cattle","2013","2013","An","1614644","A","Official figure",""
"QCL","Crops and livestock products","208","Denmark","5111","Stocks","02111","Cattle","2014","2014","An","1563535","A","Official figure",""
"QCL","Crops and livestock products","208","Denmark","5111","Stocks","02111","Cattle","2015","2015","An","1551948","A","Official figure",""
"QCL","Crops and livestock products","208","Denmark","5111","Stocks","02111","Cattle","2016","2016","An","1568288","A","Official figure",""
"QCL","Crops and livestock products","208","Denmark","5111","Stocks","02111","Cattle","2017","2017","An","1545417","A","Official figure",""
"QCL","Crops and livestock products","208","Denmark","5111","Stocks","02111","Cattle","2018","2018","An","1530000","A","Official figure",""
"QCL","Crops and livestock products","208","Denmark","5111","Stocks","02111","Cattle","2019","2019","An","1500000","A","Official figure",""
"QCL","Crops and livestock products","208","Denmark","5111","Stocks","02111","Cattle","2020","2020","An","1500000","A","Official figure",""
"QCL","Crops and livestock products","208","Denmark","5111","Stocks","02111","Cattle","2021","2021","An","1480000","A","Official figure",""
"QCL","Crops and livestock products","208","Denmark","5111","Stocks","02111","Cattle","2022","2022","An","1466000","A","Official figure",""
"QCL","Crops and livestock products","208","Denmark","5111","Stocks","02111","Cattle","2023","2023","An","1434870","A","Official figure",""
"QCL","Crops and livestock products","208","Denmark","5111","Stocks","02111","Cattle","2024","2024","An","1413860","A","Official figure",""
"QCL","Crops and livestock products","208","Denmark","5111","Stocks","02123","Goats","2019","2019","An","18800","A","Official figure",""
"QCL","Crops and livestock products","208","Denmark","5111","Stocks","02123","Goats","2022","2022","An","18280","A","Official figure",""
"QCL","Crops and livestock products","208","Denmark","5510","Production","02211","Raw milk of cattle","2010","2010","t","4909400","A","Official figure",""
"QCL","Crops and livestock products","208","Denmark","5510","Production","02211","Raw milk of cattle","2011","2011","t","4880500","A","Official figure",""
"QCL","Crops and livestock products","208","Denmark","5510","Production","02211","Raw milk of cattle","2012","2012","t","4995020","A","Official figure",""
"QCL","Crops and livestock products","208","Denmark","5510","Production","02211","Raw milk of cattle","2013","2013","t","5104720","A","Official figure",""
"QCL","Crops and livestock products","208","Denmark","5510","Production","02211","Raw milk of cattle","2014","2014","t","5191100","A","Official figure",""
"QCL","Crops and livestock products","208","Denmark","5510","Production","02211","Raw milk of cattle","2015","2015","t","5356270","A","Official figure",""
"QCL","Crops and livestock products","208","Denmark","5510","Production","02211","Raw milk of cattle","2016","2016","t","5454960","A","Official figure",""
"QCL","Crops and livestock products","208","Denmark","5510","Production","02211","Raw milk of cattle","2017","2017","t","5557160","A","Official figure",""
"QCL","Crops and livestock products","208","Denmark","5510","Production","02211","Raw milk of cattle","2018","2018","t","5615200","A","Official figure",""
"QCL","Crops and livestock products","208","Denmark","5510","Production","02211","Raw milk of cattle","2019","2019","t","5615000","A","Official figure",""
"QCL","Crops and livestock products","208","Denmark","5510","Production","02211","Raw milk of cattle","2020","2020","t","5666000","A","Official figure",""
"QCL","Crops and livestock products","208","Denmark","5510","Production","02211","Raw milk of cattle","2021","2021","t","5644000","A","Official figure",""
"QCL","Crops and livestock products","208","Denmark","5510","Production","02211","Raw milk of cattle","2022","2022","t","5664000","A","Official figure",""
"QCL","Crops and livestock products","208","Denmark","5510","Production","02211","Raw milk of cattle","2023","2023","t","5687000","A","Official figure",""
"QCL","Crops and livestock products","208","Denmark","5510","Production","02211","Raw milk of cattle","2024","2024","t","5690000","A","Official figure",""
"QCL","Crops and livestock products","208","Denmark","5510","Production","02292","Raw milk of goats","2018","2018","t","0","A","Official figure",""
"QCL","Crops and livestock products","208","Denmark","5510","Production","02292","Raw milk of goats","2019","2019","t","0","A","Official figure",""
"QCL","Crops and livestock products","208","Denmark","5510","Production","02292","Raw milk of goats","2020","2020","t","0","A","Official figure",""
"QCL","Crops and livestock products","208","Denmark","5510","Production","02292","Raw milk of goats","2021","2021","t","0","A","Official figure",""
"QCL","Crops and livestock products","208","Denmark","5510","Production","02292","Raw milk of goats","2022","2022","t","0","A","Official figure",""
"QCL","Crops and livestock products","208","Denmark","5510","Production","02292","Raw milk of goats","2023","2023","t","0","A","Official figure",""
"QCL","Crops and livestock products","208","Denmark","5510","Production","02292","Raw milk of goats","2024","2024","t","0","A","Official figure",""
"QCL","Crops and livestock products","208","Denmark","5510","Production","02291","Raw milk of sheep","2018","2018","t","0","A","Official figure",""
"QCL","Crops and livestock products","208","Denmark","5510","Production","02291","Raw milk of sheep","2019","2019","t","0","A","Official figure",""
"QCL","Crops and livestock products","208","Denmark","5510","Production","02291","Raw milk of sheep","2020","2020","t","0","A","Official figure",""
"QCL","Crops and livestock products","208","Denmark","5510","Production","02291","Raw milk of sheep","2021","2021","t","0","A","Official figure",""
"QCL","Crops and livestock products","208","Denmark","5510","Production","02291","Raw milk of sheep","2022","2022","t","0","A","Official figure",""
"QCL","Crops and livestock products","208","Denmark","5510","Production","02291","Raw milk of sheep","2023","2023","t","0","A","Official figure",""
"QCL","Crops and livestock products","208","Denmark","5510","Production","02291","Raw milk of sheep","2024","2024","t","0","A","Official figure",""
"QCL","Crops and livestock products","208","Denmark","5111","Stocks","02122","Sheep","2010","2010","An","159626","A","Official figure",""
"QCL","Crops and livestock products","208","Denmark","5111","Stocks","02122","Sheep","2011","2011","An","143890","A","Official figure",""
"QCL","Crops and livestock products","208","Denmark","5111","Stocks","02122","Sheep","2012","2012","An","153691","A","Official figure",""
"QCL","Crops and livestock products","208","Denmark","5111","Stocks","02122","Sheep","2013","2013","An","151300","A","Official figure",""
"QCL","Crops and livestock products","208","Denmark","5111","Stocks","02122","Sheep","2014","2014","An","153482","A","Official figure",""
"QCL","Crops and livestock products","208","Denmark","5111","Stocks","02122","Sheep","2015","2015","An","144418","A","Official figure",""
"QCL","Crops and livestock products","208","Denmark","5111","Stocks","02122","Sheep","2016","2016","An","147209","A","Official figure",""
"QCL","Crops and livestock products","208","Denmark","5111","Stocks","02122","Sheep","2017","2017","An","154129","A","Official figure",""
"QCL","Crops and livestock products","208","Denmark","5111","Stocks","02122","Sheep","2018","2018","An","143797","A","Official figure",""
"QCL","Crops and livestock products","208","Denmark","5111","Stocks","02122","Sheep","2019","2019","An","138010","A","Official figure",""
"QCL","Crops and livestock products","208","Denmark","5111","Stocks","02122","Sheep","2020","2020","An","135339","A","Official figure",""
"QCL","Crops and livestock products","208","Denmark","5111","Stocks","02122","Sheep","2021","2021","An","135487","A","Official figure",""
"QCL","Crops and livestock products","208","Denmark","5111","Stocks","02122","Sheep","2022","2022","An","132510","A","Official figure",""
"QCL","Crops and livestock products","208","Denmark","5111","Stocks","02122","Sheep","2023","2023","An","152572","A","Official figure",""
"QCL","Crops and livestock products","208","Denmark","5111","Stocks","02122","Sheep","2024","2024","An","147980","A","Official figure",""
"QCL","Crops and livestock products","250","France","5111","Stocks","02111","Cattle","2010","2010","An","19555173","A","Official figure",""
"QCL","Crops and livestock products","250","France","5111","Stocks","02111","Cattle","2011","2011","An","19085561","A","Official figure",""
"QCL","Crops and livestock products","250","France","5111","Stocks","02111","Cattle","2012","2012","An","19005649","A","Official figure",""
"QCL","Crops and livestock products","250","France","5111","Stocks","02111","Cattle","2013","2013","An","19095797","A","Official figure",""
"QCL","Crops and livestock products","250","France","5111","Stocks","02111","Cattle","2014","2014","An","19248627","A","Official figure",""
"QCL","Crops and livestock products","250","France","5111","Stocks","02111","Cattle","2015","2015","An","19386522","A","Official figure",""
"QCL","Crops and livestock products","250","France","5111","Stocks","02111","Cattle","2016","2016","An","19373382","A","Official figure",""
"QCL","Crops and livestock products","250","France","5111","Stocks","02111","Cattle","2017","2017","An","18953568","A","Official figure",""
"QCL","Crops and livestock products","250","France","5111","Stocks","02111","Cattle","2018","2018","An","18613040","A","Official figure",""
"QCL","Crops and livestock products","250","France","5111","Stocks","02111","Cattle","2019","2019","An","18172970","A","Official figure",""
"QCL","Crops and livestock products","250","France","5111","Stocks","02111","Cattle","2020","2020","An","17815670","A","Official figure",""
"QCL","Crops and livestock products","250","France","5111","Stocks","02111","Cattle","2021","2021","An","17330080","A","Official figure",""
"QCL","Crops and livestock products","250","France","5111","Stocks","02111","Cattle","2022","2022","An","16986190","A","Official figure",""
"QCL","Crops and livestock products","250","France","5111","Stocks","02111","Cattle","2023","2023","An","16806900","A","Official figure",""
"QCL","Crops and livestock products","250","France","5111","Stocks","02111","Cattle","2024","2024","An","16478260","A","Official figure",""
"QCL","Crops and livestock products","250","France","5111","Stocks","02123","Goats","2010","2010","An","1436109","A","Official figure",""
"QCL","Crops and livestock products","250","France","5111","Stocks","02123","Goats","2011","2011","An","1381209","A","Official figure",""
"QCL","Crops and livestock products","250","France","5111","Stocks","02123","Goats","2012","2012","An","1307753","A","Official figure",""
"QCL","Crops and livestock products","250","France","5111","Stocks","02123","Goats","2013","2013","An","1290623","A","Official figure",""
"QCL","Crops and livestock products","250","France","5111","Stocks","02123","Goats","2014","2014","An","1284667","A","Official figure",""
"QCL","Crops and livestock products","250","France","5111","Stocks","02123","Goats","2015","2015","An","1261684","A","Official figure",""
"QCL","Crops and livestock products","250","France","5111","Stocks","02123","Goats","2016","2016","An","1258204","A","Official figure",""
"QCL","Crops and livestock products","250","France","5111","Stocks","02123","Goats","2017","2017","An","1270737","A","Official figure",""
"QCL","Crops and livestock products","250","France","5111","Stocks","02123","Goats","2018","2018","An","1252000","A","Official figure",""
"QCL","Crops and livestock products","250","France","5111","Stocks","02123","Goats","2019","2019","An","1242000","A","Official figure",""
"QCL","Crops and livestock products","250","France","5111","Stocks","02123","Goats","2020","2020","An","1413980","A","Official figure",""
"QCL","Crops and livestock products","250","France","5111","Stocks","02123","Goats","2021","2021","An","1387770","A","Official figure",""
"QCL","Crops and livestock products","250","France","5111","Stocks","02123","Goats","2022","2022","An","1353000","A","Official figure",""
"QCL","Crops and livestock products","250","France","5111","Stocks","02123","Goats","2023","2023","An","1340000","A","Official figure",""
"QCL","Crops and livestock products","250","France","5111","Stocks","02123","Goats","2024","2024","An","1339000","A","Official figure",""
"QCL","Crops and livestock products","250","France","5510","Production","02211","Raw milk of cattle","2010","2010","t","23301219.4","A","Official figure",""
"QCL","Crops and livestock products","250","France","5510","Production","02211","Raw milk of cattle","2011","2011","t","24361094","A","Official figure",""
"QCL","Crops and livestock products","250","France","5510","Production","02211","Raw milk of cattle","2012","2012","t","23998422","A","Official figure",""
"QCL","Crops and livestock products","250","France","5510","Production","02211","Raw milk of cattle","2013","2013","t","23747341","A","Official figure",""
"QCL","Crops and livestock products","250","France","5510","Production","02211","Raw milk of cattle","2014","2014","t","24978950","A","Official figure",""
"QCL","Crops and livestock products","250","France","5510","Production","02211","Raw milk of cattle","2015","2015","t","25068226","A","Official figure",""
"QCL","Crops and livestock products","250","France","5510","Production","02211","Raw milk of cattle","2016","2016","t","25627060","A","Official figure",""
"QCL","Crops and livestock products","250","France","5510","Production","02211","Raw milk of cattle","2017","2017","t","25539489","A","Official figure",""
"QCL","Crops and livestock products","250","France","5510","Production","02211","Raw milk of cattle","2018","2018","t","25055100","A","Official figure",""
"QCL","Crops and livestock products","250","France","5510","Production","02211","Raw milk of cattle","2019","2019","t","25062000","A","Official figure",""
"QCL","Crops and livestock products","250","France","5510","Production","02211","Raw milk of cattle","2020","2020","t","25234840","A","Official figure",""
"QCL","Crops and livestock products","250","France","5510","Production","02211","Raw milk of cattle","2021","2021","t","24760620","A","Official figure",""
"QCL","Crops and livestock products","250","France","5510","Production","02211","Raw milk of cattle","2022","2022","t","24606350","A","Official figure",""
"QCL","Crops and livestock products","250","France","5510","Production","02211","Raw milk of cattle","2023","2023","t","23993580","A","Official figure",""
"QCL","Crops and livestock products","250","France","5510","Production","02211","Raw milk of cattle","2024","2024","t","24204280","A","Official figure",""
"QCL","Crops and livestock products","250","France","5510","Production","02292","Raw milk of goats","2010","2010","t","645176.1","A","Official figure",""
"QCL","Crops and livestock products","250","France","5510","Production","02292","Raw milk of goats","2011","2011","t","655252","A","Official figure",""
"QCL","Crops and livestock products","250","France","5510","Production","02292","Raw milk of goats","2012","2012","t","613711","A","Official figure",""
"QCL","Crops and livestock products","250","France","5510","Production","02292","Raw milk of goats","2013","2013","t","583318","A","Official figure",""
"QCL","Crops and livestock products","250","France","5510","Production","02292","Raw milk of goats","2014","2014","t","589038","A","Official figure",""
"QCL","Crops and livestock products","250","France","5510","Production","02292","Raw milk of goats","2015","2015","t","595488","A","Official figure",""
"QCL","Crops and livestock products","250","France","5510","Production","02292","Raw milk of goats","2016","2016","t","628440","A","Official figure",""
"QCL","Crops and livestock products","250","France","5510","Production","02292","Raw milk of goats","2017","2017","t","648897","A","Official figure",""
"QCL","Crops and livestock products","250","France","5510","Production","02292","Raw milk of goats","2018","2018","t","648370","A","Official figure",""
"QCL","Crops and livestock products","250","France","5510","Production","02292","Raw milk of goats","2019","2019","t","654880","A","Official figure",""
"QCL","Crops and livestock products","250","France","5510","Production","02292","Raw milk of goats","2020","2020","t","709510","A","Official figure",""
"QCL","Crops and livestock products","250","France","5510","Production","02292","Raw milk of goats","2021","2021","t","718260","A","Official figure",""
"QCL","Crops and livestock products","250","France","5510","Production","02292","Raw milk of goats","2022","2022","t","733100","A","Official figure",""
"QCL","Crops and livestock products","250","France","5510","Production","02292","Raw milk of goats","2023","2023","t","718100","A","Official figure",""
"QCL","Crops and livestock products","250","France","5510","Production","02292","Raw milk of goats","2024","2024","t","703230","A","Official figure",""
"QCL","Crops and livestock products","250","France","5510","Production","02291","Raw milk of sheep","2010","2010","t","259240.7","A","Official figure",""
"QCL","Crops and livestock products","250","France","5510","Production","02291","Raw milk of sheep","2011","2011","t","273088.5","A","Official figure",""
"QCL","Crops and livestock products","250","France","5510","Production","02291","Raw milk of sheep","2012","2012","t","270706.2","A","Official figure",""
"QCL","Crops and livestock products","250","France","5510","Production","02291","Raw milk of sheep","2013","2013","t","260724","A","Official figure",""
"QCL","Crops and livestock products","250","France","5510","Production","02291","Raw milk of sheep","2014","2014","t","259677","A","Official figure",""
"QCL","Crops and livestock products","250","France","5510","Production","02291","Raw milk of sheep","2015","2015","t","271078","A","Official figure",""
"QCL","Crops and livestock products","250","France","5510","Production","02291","Raw milk of sheep","2016","2016","t","316525","A","Official figure",""
"QCL","Crops and livestock products","250","France","5510","Production","02291","Raw milk of sheep","2017","2017","t","320679","A","Official figure",""
"QCL","Crops and livestock products","250","France","5510","Production","02291","Raw milk of sheep","2018","2018","t","319030","A","Official figure",""
"QCL","Crops and livestock products","250","France","5510","Production","02291","Raw milk of sheep","2019","2019","t","319410","A","Official figure",""
"QCL","Crops and livestock products","250","France","5510","Production","02291","Raw milk of sheep","2020","2020","t","344170","A","Official figure",""
"QCL","Crops and livestock products","250","France","5510","Production","02291","Raw milk of sheep","2021","2021","t","350200","A","Official figure",""
"QCL","Crops and livestock products","250","France","5510","Production","02291","Raw milk of sheep","2022","2022","t","342090","A","Official figure",""
"QCL","Crops and livestock products","250","France","5510","Production","02291","Raw milk of sheep","2023","2023","t","338820","A","Official figure",""
"QCL","Crops and livestock products","250","France","5510","Production","02291","Raw milk of sheep","2024","2024","t","337060","A","Official figure",""
"QCL","Crops and livestock products","250","France","5111","Stocks","02122","Sheep","2010","2010","An","7962418","A","Official figure",""
"QCL","Crops and livestock products","250","France","5111","Stocks","02122","Sheep","2011","2011","An","7658771","A","Official figure",""
"QCL","Crops and livestock products","250","France","5111","Stocks","02122","Sheep","2012","2012","An","7461934","A","Official figure",""
"QCL","Crops and livestock products","250","France","5111","Stocks","02122","Sheep","2013","2013","An","7239057","A","Official figure",""
"QCL","Crops and livestock products","250","France","5111","Stocks","02122","Sheep","2014","2014","An","7181130","A","Official figure",""
"QCL","Crops and livestock products","250","France","5111","Stocks","02122","Sheep","2015","2015","An","7064541","A","Official figure",""
"QCL","Crops and livestock products","250","France","5111","Stocks","02122","Sheep","2016","2016","An","7045970","A","Official figure",""
"QCL","Crops and livestock products","250","France","5111","Stocks","02122","Sheep","2017","2017","An","6901456","A","Official figure",""
"QCL","Crops and livestock products","250","France","5111","Stocks","02122","Sheep","2018","2018","An","7166000","A","Official figure",""
"QCL","Crops and livestock products","250","France","5111","Stocks","02122","Sheep","2019","2019","An","7105000","A","Official figure",""
"QCL","Crops and livestock products","250","France","5111","Stocks","02122","Sheep","2020","2020","An","6998710","A","Official figure",""
"QCL","Crops and livestock products","250","France","5111","Stocks","02122","Sheep","2021","2021","An","6994630","A","Official figure",""
"QCL","Crops and livestock products","250","France","5111","Stocks","02122","Sheep","2022","2022","An","6746000","A","Official figure",""
"QCL","Crops and livestock products","250","France","5111","Stocks","02122","Sheep","2023","2023","An","6802000","A","Official figure",""
"QCL","Crops and livestock products","250","France","5111","Stocks","02122","Sheep","2024","2024","An","6607000","A","Official figure",""
"QCL","Crops and livestock products","276","Germany","5111","Stocks","02111","Cattle","2010","2010","An","12809492","A","Official figure",""
"QCL","Crops and livestock products","276","Germany","5111","Stocks","02111","Cattle","2011","2011","An","12562600","A","Official figure",""
"QCL","Crops and livestock products","276","Germany","5111","Stocks","02111","Cattle","2012","2012","An","12477389","A","Official figure",""
"QCL","Crops and livestock products","276","Germany","5111","Stocks","02111","Cattle","2013","2013","An","12587020","A","Official figure",""
"QCL","Crops and livestock products","276","Germany","5111","Stocks","02111","Cattle","2014","2014","An","12742190","A","Official figure",""
"QCL","Crops and livestock products","276","Germany","5111","Stocks","02111","Cattle","2015","2015","An","12635456","A","Official figure",""
"QCL","Crops and livestock products","276","Germany","5111","Stocks","02111","Cattle","2016","2016","An","12466586","A","Official figure",""
"QCL","Crops and livestock products","276","Germany","5111","Stocks","02111","Cattle","2017","2017","An","12281195","A","Official figure",""
"QCL","Crops and livestock products","276","Germany","5111","Stocks","02111","Cattle","2018","2018","An","11949090","A","Official figure",""
"QCL","Crops and livestock products","276","Germany","5111","Stocks","02111","Cattle","2019","2019","An","11639530","A","Official figure",""
"QCL","Crops and livestock products","276","Germany","5111","Stocks","02111","Cattle","2020","2020","An","11301860","A","Official figure",""
"QCL","Crops and livestock products","276","Germany","5111","Stocks","02111","Cattle","2021","2021","An","11039660","A","Official figure",""
"QCL","Crops and livestock products","276","Germany","5111","Stocks","02111","Cattle","2022","2022","An","10996960","A","Official figure",""
"QCL","Crops and livestock products","276","Germany","5111","Stocks","02111","Cattle","2023","2023","An","10836200","A","Official figure",""
"QCL","Crops and livestock products","276","Germany","5111","Stocks","02111","Cattle","2024","2024","An","10461290","A","Official figure",""
"QCL","Crops and livestock products","276","Germany","5111","Stocks","02123","Goats","2010","2010","An","150000","A","Official figure",""
"QCL","Crops and livestock products","276","Germany","5111","Stocks","02123","Goats","2011","2011","An","160000","A","Official figure",""
"QCL","Crops and livestock products","276","Germany","5111","Stocks","02123","Goats","2012","2012","An","162000","A","Official figure",""
"QCL","Crops and livestock products","276","Germany","5111","Stocks","02123","Goats","2013","2013","An","130200","A","Official figure",""
"QCL","Crops and livestock products","276","Germany","5111","Stocks","02123","Goats","2014","2014","An","117000","A","Official figure",""
"QCL","Crops and livestock products","276","Germany","5111","Stocks","02123","Goats","2015","2015","An","110000","A","Official figure",""
"QCL","Crops and livestock products","276","Germany","5111","Stocks","02123","Goats","2016","2016","An","138810","A","Official figure",""
"QCL","Crops and livestock products","276","Germany","5111","Stocks","02123","Goats","2017","2017","An","140000","A","Official figure",""
"QCL","Crops and livestock products","276","Germany","5111","Stocks","02123","Goats","2018","2018","An","146000","A","Official figure",""
"QCL","Crops and livestock products","276","Germany","5111","Stocks","02123","Goats","2019","2019","An","141000","A","Official figure",""
"QCL","Crops and livestock products","276","Germany","5111","Stocks","02123","Goats","2020","2020","An","161000","A","Official figure",""
"QCL","Crops and livestock products","276","Germany","5111","Stocks","02123","Goats","2021","2021","An","164000","A","Official figure",""
"QCL","Crops and livestock products","276","Germany","5111","Stocks","02123","Goats","2022","2022","An","159000","A","Official figure",""
"QCL","Crops and livestock products","276","Germany","5111","Stocks","02123","Goats","2023","2023","An","162600","A","Official figure",""
"QCL","Crops and livestock products","276","Germany","5111","Stocks","02123","Goats","2024","2024","An","168300","A","Official figure",""
"QCL","Crops and livestock products","276","Germany","5510","Production","02211","Raw milk of cattle","2010","2010","t","29616284","A","Official figure",""
"QCL","Crops and livestock products","276","Germany","5510","Production","02211","Raw milk of cattle","2011","2011","t","30323464","A","Official figure",""
"QCL","Crops and livestock products","276","Germany","5510","Production","02211","Raw milk of cattle","2012","2012","t","30672154.37","A","Official figure",""
"QCL","Crops and livestock products","276","Germany","5510","Production","02211","Raw milk of cattle","2013","2013","t","31324237.93","A","Official figure",""
"QCL","Crops and livestock products","276","Germany","5510","Production","02211","Raw milk of cattle","2014","2014","t","32394968.5","A","Official figure",""
"QCL","Crops and livestock products","276","Germany","5510","Production","02211","Raw milk of cattle","2015","2015","t","32684572","A","Official figure",""
"QCL","Crops and livestock products","276","Germany","5510","Production","02211","Raw milk of cattle","2016","2016","t","32672340","A","Official figure",""
"QCL","Crops and livestock products","276","Germany","5510","Production","02211","Raw milk of cattle","2017","2017","t","32598198","A","Official figure",""
"QCL","Crops and livestock products","276","Germany","5510","Production","02211","Raw milk of cattle","2018","2018","t","33086810","A","Official figure",""
"QCL","Crops and livestock products","276","Germany","5510","Production","02211","Raw milk of cattle","2019","2019","t","33080180","A","Official figure",""
"QCL","Crops and livestock products","276","Germany","5510","Production","02211","Raw milk of cattle","2020","2020","t","33164910","A","Official figure",""
"QCL","Crops and livestock products","276","Germany","5510","Production","02211","Raw milk of cattle","2021","2021","t","32506910","A","Official figure",""
"QCL","Crops and livestock products","276","Germany","5510","Production","02211","Raw milk of cattle","2022","2022","t","32399050","A","Official figure",""
"QCL","Crops and livestock products","276","Germany","5510","Production","02211","Raw milk of cattle","2023","2023","t","34012620","A","Official figure",""
"QCL","Crops and livestock products","276","Germany","5510","Production","02211","Raw milk of cattle","2024","2024","t","33777780","A","Official figure",""
"QCL","Crops and livestock products","276","Germany","5510","Production","02292","Raw milk of goats","2010","2010","t","29747.21","I","Value imputed by a receiving agency",""
"QCL","Crops and livestock products","276","Germany","5510","Production","02292","Raw milk of goats","2011","2011","t","31336.61","I","Value imputed by a receiving agency",""
"QCL","Crops and livestock products","276","Germany","5510","Production","02292","Raw milk of goats","2012","2012","t","31661.79","I","Value imputed by a receiving agency",""
"QCL","Crops and livestock products","276","Germany","5510","Production","02292","Raw milk of goats","2013","2013","t","26589.56","I","Value imputed by a receiving agency",""
"QCL","Crops and livestock products","276","Germany","5510","Production","02292","Raw milk of goats","2014","2014","t","24526.26","I","Value imputed by a receiving agency",""
"QCL","Crops and livestock products","276","Germany","5510","Production","02292","Raw milk of goats","2015","2015","t","23375.21","I","Value imputed by a receiving agency",""
"QCL","Crops and livestock products","276","Germany","5510","Production","02292","Raw milk of goats","2016","2016","t","20000","E","Estimated value",""
"QCL","Crops and livestock products","276","Germany","5510","Production","02292","Raw milk of goats","2017","2017","t","18000","E","Estimated value",""
"QCL","Crops and livestock products","276","Germany","5510","Production","02292","Raw milk of goats","2018","2018","t","16190","A","Official figure",""
"QCL","Crops and livestock products","276","Germany","5510","Production","02292","Raw milk of goats","2019","2019","t","15890","A","Official figure",""
"QCL","Crops and livestock products","276","Germany","5510","Production","02292","Raw milk of goats","2020","2020","t","16280","A","Official figure",""
"QCL","Crops and livestock products","276","Germany","5510","Production","02291","Raw milk of sheep","2018","2018","t","6650","A","Official figure",""
"QCL","Crops and livestock products","276","Germany","5510","Production","02291","Raw milk of sheep","2019","2019","t","6500","A","Official figure",""
"QCL","Crops and livestock products","276","Germany","5510","Production","02291","Raw milk of sheep","2020","2020","t","6700","A","Official figure",""
"QCL","Crops and livestock products","276","Germany","5111","Stocks","02122","Sheep","2010","2010","An","2088541","A","Official figure",""
"QCL","Crops and livestock products","276","Germany","5111","Stocks","02122","Sheep","2011","2011","An","2088500","A","Official figure",""
"QCL","Crops and livestock products","276","Germany","5111","Stocks","02122","Sheep","2012","2012","An","1657800","A","Official figure",""
"QCL","Crops and livestock products","276","Germany","5111","Stocks","02122","Sheep","2013","2013","An","1893300","A","Official figure",""
"QCL","Crops and livestock products","276","Germany","5111","Stocks","02122","Sheep","2014","2014","An","1600776","A","Official figure",""
"QCL","Crops and livestock products","276","Germany","5111","Stocks","02122","Sheep","2015","2015","An","1579789","A","Official figure",""
"QCL","Crops and livestock products","276","Germany","5111","Stocks","02122","Sheep","2016","2016","An","1574300","A","Official figure",""
"QCL","Crops and livestock products","276","Germany","5111","Stocks","02122","Sheep","2017","2017","An","1579800","A","Official figure",""
"QCL","Crops and livestock products","276","Germany","5111","Stocks","02122","Sheep","2018","2018","An","1569900","A","Official figure",""
"QCL","Crops and livestock products","276","Germany","5111","Stocks","02122","Sheep","2019","2019","An","1556500","A","Official figure",""
"QCL","Crops and livestock products","276","Germany","5111","Stocks","02122","Sheep","2020","2020","An","1483700","A","Official figure",""
"QCL","Crops and livestock products","276","Germany","5111","Stocks","02122","Sheep","2021","2021","An","1508100","A","Official figure",""
"QCL","Crops and livestock products","276","Germany","5111","Stocks","02122","Sheep","2022","2022","An","1516900","A","Official figure",""
"QCL","Crops and livestock products","276","Germany","5111","Stocks","02122","Sheep","2023","2023","An","1559700","A","Official figure",""
"QCL","Crops and livestock products","276","Germany","5111","Stocks","02122","Sheep","2024","2024","An","1510900","A","Official figure",""
"QCL","Crops and livestock products","372","Ireland","5111","Stocks","02111","Cattle","2010","2010","An","6606600","A","Official figure",""
"QCL","Crops and livestock products","372","Ireland","5111","Stocks","02111","Cattle","2011","2011","An","6493000","A","Official figure",""
"QCL","Crops and livestock products","372","Ireland","5111","Stocks","02111","Cattle","2012","2012","An","6754100","A","Official figure",""
"QCL","Crops and livestock products","372","Ireland","5111","Stocks","02111","Cattle","2013","2013","An","6902600","A","Official figure",""
"QCL","Crops and livestock products","372","Ireland","5111","Stocks","02111","Cattle","2014","2014","An","6926100","A","Official figure",""
"QCL","Crops and livestock products","372","Ireland","5111","Stocks","02111","Cattle","2015","2015","An","6963500","A","Official figure",""
"QCL","Crops and livestock products","372","Ireland","5111","Stocks","02111","Cattle","2016","2016","An","7221200","A","Official figure",""
"QCL","Crops and livestock products","372","Ireland","5111","Stocks","02111","Cattle","2017","2017","An","7363498","A","Official figure",""
"QCL","Crops and livestock products","372","Ireland","5111","Stocks","02111","Cattle","2018","2018","An","6593490","A","Official figure",""
"QCL","Crops and livestock products","372","Ireland","5111","Stocks","02111","Cattle","2019","2019","An","6559650","A","Official figure",""
"QCL","Crops and livestock products","372","Ireland","5111","Stocks","02111","Cattle","2020","2020","An","6529440","A","Official figure",""
"QCL","Crops and livestock products","372","Ireland","5111","Stocks","02111","Cattle","2021","2021","An","6649310","A","Official figure",""
"QCL","Crops and livestock products","372","Ireland","5111","Stocks","02111","Cattle","2022","2022","An","6551830","A","Official figure",""
"QCL","Crops and livestock products","372","Ireland","5111","Stocks","02111","Cattle","2023","2023","An","6525960","A","Official figure",""
"QCL","Crops and livestock products","372","Ireland","5111","Stocks","02111","Cattle","2024","2024","An","6308300","A","Official figure",""
"QCL","Crops and livestock products","372","Ireland","5111","Stocks","02123","Goats","2010","2010","An","10500","A","Official figure",""
"QCL","Crops and livestock products","372","Ireland","5111","Stocks","02123","Goats","2011","2011","An","11400","A","Official figure",""
"QCL","Crops and livestock products","372","Ireland","5111","Stocks","02123","Goats","2012","2012","An","10300","A","Official figure",""
"QCL","Crops and livestock products","372","Ireland","5111","Stocks","02123","Goats","2013","2013","An","8700","A","Official figure",""
"QCL","Crops and livestock products","372","Ireland","5111","Stocks","02123","Goats","2014","2014","An","8600","A","Official figure",""
"QCL","Crops and livestock products","372","Ireland","5111","Stocks","02123","Goats","2015","2015","An","10800","A","Official figure",""
"QCL","Crops and livestock products","372","Ireland","5111","Stocks","02123","Goats","2016","2016","An","9900","A","Official figure",""
"QCL","Crops and livestock products","372","Ireland","5111","Stocks","02123","Goats","2017","2017","An","8285","A","Official figure",""
"QCL","Crops and livestock products","372","Ireland","5111","Stocks","02123","Goats","2018","2018","An","9349","A","Official figure",""
"QCL","Crops and livestock products","372","Ireland","5111","Stocks","02123","Goats","2019","2019","An","8770","A","Official figure",""
"QCL","Crops and livestock products","372","Ireland","5111","Stocks","02123","Goats","2020","2020","An","8800","A","Official figure",""
"QCL","Crops and livestock products","372","Ireland","5111","Stocks","02123","Goats","2021","2021","An","9400","A","Official figure",""
"QCL","Crops and livestock products","372","Ireland","5111","Stocks","02123","Goats","2022","2022","An","9240","A","Official figure",""
"QCL","Crops and livestock products","372","Ireland","5111","Stocks","02123","Goats","2023","2023","An","9200","A","Official figure",""
"QCL","Crops and livestock products","372","Ireland","5111","Stocks","02123","Goats","2024","2024","An","7300","A","Official figure",""
"QCL","Crops and livestock products","372","Ireland","5510","Production","02211","Raw milk of cattle","2010","2010","t","5327000","A","Official figure",""
"QCL","Crops and livestock products","372","Ireland","5510","Production","02211","Raw milk of cattle","2011","2011","t","5536680","A","Official figure",""
"QCL","Crops and livestock products","372","Ireland","5510","Production","02211","Raw milk of cattle","2012","2012","t","5387770","A","Official figure",""
"QCL","Crops and livestock products","372","Ireland","5510","Production","02211","Raw milk of cattle","2013","2013","t","5583670","A","Official figure",""
"QCL","Crops and livestock products","372","Ireland","5510","Production","02211","Raw milk of cattle","2014","2014","t","5816220","A","Official figure",""
"QCL","Crops and livestock products","372","Ireland","5510","Production","02211","Raw milk of cattle","2015","2015","t","6585120","A","Official figure",""
"QCL","Crops and livestock products","372","Ireland","5510","Production","02211","Raw milk of cattle","2016","2016","t","6851430","A","Official figure",""
"QCL","Crops and livestock products","372","Ireland","5510","Production","02211","Raw milk of cattle","2017","2017","t","7478160","A","Official figure",""
"QCL","Crops and livestock products","372","Ireland","5510","Production","02211","Raw milk of cattle","2018","2018","t","7831250","A","Official figure",""
"QCL","Crops and livestock products","372","Ireland","5510","Production","02211","Raw milk of cattle","2019","2019","t","8244870","A","Official figure",""
"QCL","Crops and livestock products","372","Ireland","5510","Production","02211","Raw milk of cattle","2020","2020","t","8561470","A","Official figure",""
"QCL","Crops and livestock products","372","Ireland","5510","Production","02211","Raw milk of cattle","2021","2021","t","9039990","A","Official figure",""
"QCL","Crops and livestock products","372","Ireland","5510","Production","02211","Raw milk of cattle","2022","2022","t","9108280","A","Official figure",""
"QCL","Crops and livestock products","372","Ireland","5510","Production","02211","Raw milk of cattle","2023","2023","t","8730710","A","Official figure",""
"QCL","Crops and livestock products","372","Ireland","5510","Production","02292","Raw milk of goats","2018","2018","t","0","A","Official figure",""
"QCL","Crops and livestock products","372","Ireland","5510","Production","02292","Raw milk of goats","2019","2019","t","0","A","Official figure",""
"QCL","Crops and livestock products","372","Ireland","5510","Production","02292","Raw milk of goats","2020","2020","t","0","A","Official figure",""
"QCL","Crops and livestock products","372","Ireland","5510","Production","02292","Raw milk of goats","2021","2021","t","0","A","Official figure",""
"QCL","Crops and livestock products","372","Ireland","5510","Production","02292","Raw milk of goats","2022","2022","t","0","A","Official figure",""
"QCL","Crops and livestock products","372","Ireland","5510","Production","02292","Raw milk of goats","2023","2023","t","0","A","Official figure",""
"QCL","Crops and livestock products","372","Ireland","5510","Production","02291","Raw milk of sheep","2018","2018","t","0","A","Official figure",""
"QCL","Crops and livestock products","372","Ireland","5510","Production","02291","Raw milk of sheep","2019","2019","t","0","A","Official figure",""
"QCL","Crops and livestock products","372","Ireland","5510","Production","02291","Raw milk of sheep","2020","2020","t","0","A","Official figure",""
"QCL","Crops and livestock products","372","Ireland","5510","Production","02291","Raw milk of sheep","2021","2021","t","0","A","Official figure",""
"QCL","Crops and livestock products","372","Ireland","5510","Production","02291","Raw milk of sheep","2022","2022","t","0","A","Official figure",""
"QCL","Crops and livestock products","372","Ireland","5510","Production","02291","Raw milk of sheep","2023","2023","t","0","A","Official figure",""
"QCL","Crops and livestock products","372","Ireland","5111","Stocks","02122","Sheep","2010","2010","An","4745400","A","Official figure",""
"QCL","Crops and livestock products","372","Ireland","5111","Stocks","02122","Sheep","2011","2011","An","4830000","A","Official figure",""
"QCL","Crops and livestock products","372","Ireland","5111","Stocks","02122","Sheep","2012","2012","An","5170000","A","Official figure",""
"QCL","Crops and livestock products","372","Ireland","5111","Stocks","02122","Sheep","2013","2013","An","5007000","A","Official figure",""
"QCL","Crops and livestock products","372","Ireland","5111","Stocks","02122","Sheep","2014","2014","An","5096800","A","Official figure",""
"QCL","Crops and livestock products","372","Ireland","5111","Stocks","02122","Sheep","2015","2015","An","5138700","A","Official figure",""
"QCL","Crops and livestock products","372","Ireland","5111","Stocks","02122","Sheep","2016","2016","An","5179200","A","Official figure",""
"QCL","Crops and livestock products","372","Ireland","5111","Stocks","02122","Sheep","2017","2017","An","5197140","A","Official figure",""
"QCL","Crops and livestock products","372","Ireland","5111","Stocks","02122","Sheep","2018","2018","An","3798480","A","Official figure",""
"QCL","Crops and livestock products","372","Ireland","5111","Stocks","02122","Sheep","2019","2019","An","3809370","A","Official figure",""
"QCL","Crops and livestock products","372","Ireland","5111","Stocks","02122","Sheep","2020","2020","An","3877220","A","Official figure",""
"QCL","Crops and livestock products","372","Ireland","5111","Stocks","02122","Sheep","2021","2021","An","3991180","A","Official figure",""
"QCL","Crops and livestock products","372","Ireland","5111","Stocks","02122","Sheep","2022","2022","An","4018030","A","Official figure",""
"QCL","Crops and livestock products","372","Ireland","5111","Stocks","02122","Sheep","2023","2023","An","3740910","A","Official figure",""
"QCL","Crops and livestock products","372","Ireland","5111","Stocks","02122","Sheep","2024","2024","An","3591640","A","Official figure",""
"QCL","Crops and livestock products","528","Netherlands (Kingdom of the)","5111","Stocks","02111","Cattle","2010","2010","An","3975190","A","Official figure",""
"QCL","Crops and livestock products","528","Netherlands (Kingdom of the)","5111","Stocks","02111","Cattle","2011","2011","An","3885350","A","Official figure",""
"QCL","Crops and livestock products","528","Netherlands (Kingdom of the)","5111","Stocks","02111","Cattle","2012","2012","An","3879250","A","Official figure",""
"QCL","Crops and livestock products","528","Netherlands (Kingdom of the)","5111","Stocks","02111","Cattle","2013","2013","An","3999220","A","Official figure",""
"QCL","Crops and livestock products","528","Netherlands (Kingdom of the)","5111","Stocks","02111","Cattle","2014","2014","An","4169000","A","Official figure",""
"QCL","Crops and livestock products","528","Netherlands (Kingdom of the)","5111","Stocks","02111","Cattle","2015","2015","An","4315000","A","Official figure",""
"QCL","Crops and livestock products","528","Netherlands (Kingdom of the)","5111","Stocks","02111","Cattle","2016","2016","An","4294000","A","Official figure",""
"QCL","Crops and livestock products","528","Netherlands (Kingdom of the)","5111","Stocks","02111","Cattle","2017","2017","An","4030000","A","Official figure",""
"QCL","Crops and livestock products","528","Netherlands (Kingdom of the)","5111","Stocks","02111","Cattle","2018","2018","An","3690000","A","Official figure",""
"QCL","Crops and livestock products","528","Netherlands (Kingdom of the)","5111","Stocks","02111","Cattle","2019","2019","An","3721000","A","Official figure",""
"QCL","Crops and livestock products","528","Netherlands (Kingdom of the)","5111","Stocks","02111","Cattle","2020","2020","An","3691000","A","Official figure",""
"QCL","Crops and livestock products","528","Netherlands (Kingdom of the)","5111","Stocks","02111","Cattle","2021","2021","An","3705000","A","Official figure",""
"QCL","Crops and livestock products","528","Netherlands (Kingdom of the)","5111","Stocks","02111","Cattle","2022","2022","An","3751000","A","Official figure",""
"QCL","Crops and livestock products","528","Netherlands (Kingdom of the)","5111","Stocks","02111","Cattle","2023","2023","An","3739000","A","Official figure",""
"QCL","Crops and livestock products","528","Netherlands (Kingdom of the)","5111","Stocks","02111","Cattle","2024","2024","An","3562000","A","Official figure",""
"QCL","Crops and livestock products","528","Netherlands (Kingdom of the)","5111","Stocks","02123","Goats","2010","2010","An","352830","A","Official figure",""
"QCL","Crops and livestock products","528","Netherlands (Kingdom of the)","5111","Stocks","02123","Goats","2011","2011","An","380350","A","Official figure",""
"QCL","Crops and livestock products","528","Netherlands (Kingdom of the)","5111","Stocks","02123","Goats","2012","2012","An","396730","A","Official figure",""
"QCL","Crops and livestock products","528","Netherlands (Kingdom of the)","5111","Stocks","02123","Goats","2013","2013","An","412550","A","Official figure",""
"QCL","Crops and livestock products","528","Netherlands (Kingdom of the)","5111","Stocks","02123","Goats","2014","2014","An","441000","A","Official figure",""
"QCL","Crops and livestock products","528","Netherlands (Kingdom of the)","5111","Stocks","02123","Goats","2015","2015","An","468000","A","Official figure",""
"QCL","Crops and livestock products","528","Netherlands (Kingdom of the)","5111","Stocks","02123","Goats","2016","2016","An","504000","A","Official figure",""
"QCL","Crops and livestock products","528","Netherlands (Kingdom of the)","5111","Stocks","02123","Goats","2017","2017","An","532870","A","Official figure",""
"QCL","Crops and livestock products","528","Netherlands (Kingdom of the)","5111","Stocks","02123","Goats","2018","2018","An","518000","A","Official figure",""
"QCL","Crops and livestock products","528","Netherlands (Kingdom of the)","5111","Stocks","02123","Goats","2019","2019","An","551000","A","Official figure",""
"QCL","Crops and livestock products","528","Netherlands (Kingdom of the)","5111","Stocks","02123","Goats","2020","2020","An","557000","A","Official figure",""
"QCL","Crops and livestock products","528","Netherlands (Kingdom of the)","5111","Stocks","02123","Goats","2021","2021","An","575000","A","Official figure",""
"QCL","Crops and livestock products","528","Netherlands (Kingdom of the)","5111","Stocks","02123","Goats","2022","2022","An","570000","A","Official figure",""
"QCL","Crops and livestock products","528","Netherlands (Kingdom of the)","5111","Stocks","02123","Goats","2023","2023","An","566000","A","Official figure",""
"QCL","Crops and livestock products","528","Netherlands (Kingdom of the)","5111","Stocks","02123","Goats","2024","2024","An","552000","A","Official figure",""
"QCL","Crops and livestock products","528","Netherlands (Kingdom of the)","5510","Production","02211","Raw milk of cattle","2010","2010","t","11626123","A","Official figure",""
"QCL","Crops and livestock products","528","Netherlands (Kingdom of the)","5510","Production","02211","Raw milk of cattle","2011","2011","t","11641718","A","Official figure",""
"QCL","Crops and livestock products","528","Netherlands (Kingdom of the)","5510","Production","02211","Raw milk of cattle","2012","2012","t","11675448","A","Official figure",""
"QCL","Crops and livestock products","528","Netherlands (Kingdom of the)","5510","Production","02211","Raw milk of cattle","2013","2013","t","12212690","A","Official figure",""
"QCL","Crops and livestock products","528","Netherlands (Kingdom of the)","5510","Production","02211","Raw milk of cattle","2014","2014","t","12473023","A","Official figure",""
"QCL","Crops and livestock products","528","Netherlands (Kingdom of the)","5510","Production","02211","Raw milk of cattle","2015","2015","t","13330873","A","Official figure",""
"QCL","Crops and livestock products","528","Netherlands (Kingdom of the)","5510","Production","02211","Raw milk of cattle","2016","2016","t","14324294","A","Official figure",""
"QCL","Crops and livestock products","528","Netherlands (Kingdom of the)","5510","Production","02211","Raw milk of cattle","2017","2017","t","14297361","A","Official figure",""
"QCL","Crops and livestock products","528","Netherlands (Kingdom of the)","5510","Production","02211","Raw milk of cattle","2018","2018","t","14090000","A","Official figure",""
"QCL","Crops and livestock products","528","Netherlands (Kingdom of the)","5510","Production","02211","Raw milk of cattle","2019","2019","t","14555000","A","Official figure",""
"QCL","Crops and livestock products","528","Netherlands (Kingdom of the)","5510","Production","02211","Raw milk of cattle","2020","2020","t","14522000","A","Official figure",""
"QCL","Crops and livestock products","528","Netherlands (Kingdom of the)","5510","Production","02211","Raw milk of cattle","2021","2021","t","14217250","A","Official figure",""
"QCL","Crops and livestock products","528","Netherlands (Kingdom of the)","5510","Production","02211","Raw milk of cattle","2022","2022","t","14533740","A","Official figure",""
"QCL","Crops and livestock products","528","Netherlands (Kingdom of the)","5510","Production","02211","Raw milk of cattle","2023","2023","t","14685300","A","Official figure",""
"QCL","Crops and livestock products","528","Netherlands (Kingdom of the)","5510","Production","02211","Raw milk of cattle","2024","2024","t","14348210","A","Official figure",""
"QCL","Crops and livestock products","528","Netherlands (Kingdom of the)","5510","Production","02292","Raw milk of goats","2010","2010","t","178950","A","Official figure",""
"QCL","Crops and livestock products","528","Netherlands (Kingdom of the)","5510","Production","02292","Raw milk of goats","2011","2011","t","193710","A","Official figure",""
"QCL","Crops and livestock products","528","Netherlands (Kingdom of the)","5510","Production","02292","Raw milk of goats","2012","2012","t","217330","A","Official figure",""
"QCL","Crops and livestock products","528","Netherlands (Kingdom of the)","5510","Production","02292","Raw milk of goats","2013","2013","t","196365.61","I","Value imputed by a receiving agency",""
"QCL","Crops and livestock products","528","Netherlands (Kingdom of the)","5510","Production","02292","Raw milk of goats","2014","2014","t","209160.39","I","Value imputed by a receiving agency",""
"QCL","Crops and livestock products","528","Netherlands (Kingdom of the)","5510","Production","02292","Raw milk of goats","2015","2015","t","220370.05","I","Value imputed by a receiving agency",""
"QCL","Crops and livestock products","528","Netherlands (Kingdom of the)","5510","Production","02292","Raw milk of goats","2016","2016","t","235168.33","I","Value imputed by a receiving agency",""
"QCL","Crops and livestock products","528","Netherlands (Kingdom of the)","5510","Production","02292","Raw milk of goats","2017","2017","t","246970.09","I","Value imputed by a receiving agency",""
"QCL","Crops and livestock products","528","Netherlands (Kingdom of the)","5510","Production","02292","Raw milk of goats","2018","2018","t","335000","A","Official figure",""
"QCL","Crops and livestock products","528","Netherlands (Kingdom of the)","5510","Production","02292","Raw milk of goats","2019","2019","t","386000","A","Official figure",""
"QCL","Crops and livestock products","528","Netherlands (Kingdom of the)","5510","Production","02292","Raw milk of goats","2020","2020","t","407000","A","Official figure",""
"QCL","Crops and livestock products","528","Netherlands (Kingdom of the)","5510","Production","02292","Raw milk of goats","2021","2021","t","387840","A","Official figure",""
"QCL","Crops and livestock products","528","Netherlands (Kingdom of the)","5510","Production","02292","Raw milk of goats","2022","2022","t","445220","A","Official figure",""
"QCL","Crops and livestock products","528","Netherlands (Kingdom of the)","5510","Production","02292","Raw milk of goats","2023","2023","t","427260","A","Official figure",""
"QCL","Crops and livestock products","528","Netherlands (Kingdom of the)","5510","Production","02292","Raw milk of goats","2024","2024","t","463880","A","Official figure",""
"QCL","Crops and livestock products","528","Netherlands (Kingdom of the)","5510","Production","02291","Raw milk of sheep","2018","2018","t","0","A","Official figure",""
"QCL","Crops and livestock products","528","Netherlands (Kingdom of the)","5510","Production","02291","Raw milk of sheep","2019","2019","t","0","A","Official figure",""
"QCL","Crops and livestock products","528","Netherlands (Kingdom of the)","5510","Production","02291","Raw milk of sheep","2020","2020","t","0","A","Official figure",""
"QCL","Crops and livestock products","528","Netherlands (Kingdom of the)","5510","Production","02291","Raw milk of sheep","2021","2021","t","0","A","Official figure",""
"QCL","Crops and livestock products","528","Netherlands (Kingdom of the)","5510","Production","02291","Raw milk of sheep","2022","2022","t","0","A","Official figure",""
"QCL","Crops and livestock products","528","Netherlands (Kingdom of the)","5111","Stocks","02122","Sheep","2010","2010","An","1129500","A","Official figure",""
"QCL","Crops and livestock products","528","Netherlands (Kingdom of the)","5111","Stocks","02122","Sheep","2011","2011","An","1088490","A","Official figure",""
"QCL","Crops and livestock products","528","Netherlands (Kingdom of the)","5111","Stocks","02122","Sheep","2012","2012","An","1042760","A","Official figure",""
"QCL","Crops and livestock products","528","Netherlands (Kingdom of the)","5111","Stocks","02122","Sheep","2013","2013","An","1033570","A","Official figure",""
"QCL","Crops and livestock products","528","Netherlands (Kingdom of the)","5111","Stocks","02122","Sheep","2014","2014","An","1076000","A","Official figure",""
"QCL","Crops and livestock products","528","Netherlands (Kingdom of the)","5111","Stocks","02122","Sheep","2015","2015","An","1032000","A","Official figure",""
"QCL","Crops and livestock products","528","Netherlands (Kingdom of the)","5111","Stocks","02122","Sheep","2016","2016","An","1040000","A","Official figure",""
"QCL","Crops and livestock products","528","Netherlands (Kingdom of the)","5111","Stocks","02122","Sheep","2017","2017","An","798830","A","Official figure",""
"QCL","Crops and livestock products","528","Netherlands (Kingdom of the)","5111","Stocks","02122","Sheep","2018","2018","An","743000","A","Official figure",""
"QCL","Crops and livestock products","528","Netherlands (Kingdom of the)","5111","Stocks","02122","Sheep","2019","2019","An","758000","A","Official figure",""
"QCL","Crops and livestock products","528","Netherlands (Kingdom of the)","5111","Stocks","02122","Sheep","2020","2020","An","710000","A","Official figure",""
"QCL","Crops and livestock products","528","Netherlands (Kingdom of the)","5111","Stocks","02122","Sheep","2021","2021","An","729000","A","Official figure",""
"QCL","Crops and livestock products","528","Netherlands (Kingdom of the)","5111","Stocks","02122","Sheep","2022","2022","An","723000","A","Official figure",""
"QCL","Crops and livestock products","528","Netherlands (Kingdom of the)","5111","Stocks","02122","Sheep","2023","2023","An","665000","A","Official figure",""
"QCL","Crops and livestock products","528","Netherlands (Kingdom of the)","5111","Stocks","02122","Sheep","2024","2024","An","607000","A","Official figure",""
